HASIL STEMMING,Sentimen
tampak naga ikn,Neutral
first gooncave in ikn,Neutral
begini progres bangun bundar sumbu bangsa sisi barat ikn,Neutral
capecape kuliah pwk ajar kota sangga remaja kota linkage desakota rtrw masuk akal buat perata malah pilih dukung ikn jelas ada isu strategis besar apalagi amdal rabas bener aje rugi dong rek,Negative
rencana ngalahin ikn anjggg,Negative
jakarta tenggelam ikn nyelip lt,Negative
tengah pontangpanting masalah ikn kok kayak jarang liat anak pwk bikin thread khusus ikn monggo lapak diskurus mahasiswa pwk rek sebutin plus minus ikn biar ilmu baca masyarakat luas,Neutral
wajar kok rek mahasiswa idealis idealis ntar udah tamat baru tampar realita tetap tahan idealisme sampai tamat kena golong privilige seperti pilih arti dukung program jokowi utama ikn habis cont,Neutral
daripada bikin ikn mending bikin ginian tiap kabupaten,Negative
udah bulan orang lengser belum sekalipun dia nongol ikn malah sibuk cawe kota,Negative
gempa megathrustnya gedung dpr istana ikn rumah jabat presiden,Negative
gitu knp ga bangun pusat layan sehat rata wilayah timur biar gausah jauh ikn cuma buat obat ngotak dikit la pak masa org tinggal wilayah timur sakit jantung harus naik pesawat jam ga keburu amat tata kota my ass lmao,Negative
tuju ga buat ngelanjutin ikn nusantara,Neutral
ikn duduk nanti jt orang ada taksi terbang duduk nanti bagi faksi dauntles candor erudite amity abnegation,Neutral
lt apakah saat ali raib sel mulai tualang antar klan ikn,Neutral
lt tibatiba pikir kalo ibu kota pindah ikn apakah perpusnas ikut pindah bikin perpusnas baru,Neutral
pov buka bumble ikn,Neutral
masa depan ikn,Neutral
btw hari london gue udah diledekin ikn kali orang beda i heard its not working i heard its badly planned,Negative
dewapuci nanti takar sukses bangun ikn ya bu,Neutral
rek info butuh koneksi orang kerja ikn kasi k,Neutral
asn tuh pindah ikn juli nanti,Neutral
prabowo tawar proyek ikn giant sea wall usaha inggris,Neutral
sheque mrt amp lrt aku tuju ikn i doubt kl konsep pindahin ibukota amp bikin pusat ekonomi baru knp harus bener dr kaltim ga prudent dr segi cost amp byk kota potensial ga complain kl gdpnya gede banget meaning we have money amp luxury to do that,Negative
rek sini ada pernah magang ikn gk,Neutral
gamau pindah ikn ah ngapain bumble pasti sepi ntar,Negative
hee denger doa tri agama barusan ga ikn atus tahun jajah bangsa asing kini telah rasa merdeka mulai jajah nafsu dengki sendiri dst wait bikin teks ga ada singgung,Negative
rek tanya ada gk magangkp bagi proyek ikn buat jaga jaga biar kriteria syarat buat magang kerja sana,Neutral
fjhrrrrrrrrr ntar minta nyalon alas lanjut program maksu trs paslon satu fitnah bakal stop proker maksi habis rakyat jdi takut paslon satu gt kek ikn,Negative
pinjam ikn ya sekarang investor ikn mundur minta bangun bak roro jonggrang masuk akal manalagi kmrn ada boong kait investor asing padahal nihil negara,Negative
guys ada gelut project ikn ada kenal gadap projectnya saia perlu klarifikasi suatu point ada pdf websitenya thanksz minpuh,Neutral
lowkey getting fixated on tokyo ghoul also hi main im ikn class,Positive
tanya lanjut tuju lanjut bangun ikn baru jalan digimanain,Neutral
mkrynss wriad bener ga sih mil pns bakal mutasi ikn,Neutral
ikn bulan,Neutral
gmn kabar ikn dah ngangkrak blm kok ga ada update,Neutral
kabar universitas standford kenal bangun kampus ibukota baru ikn kepala otorita siap ikn bambang susantono bilang mei standford mulai bangun bahkan kata ada universitas susul,Neutral
panjang ikn,Neutral
who is on bluesky i ve just set up an account don t know if it s a waste of time but i m there as normaniknsinceapril same as my twix likes and follows would help me get started,Neutral
problematika asn ikn,Neutral
cung pernah ikn kerja salah satu proyek spesial sebenernya cuma ya semangat deh ga ngomong apaapa hahaha,Neutral
indonesia siap jadi tuan rumah selenggara pesta olahraga akbar dunia olimpiade tahun datang indonesia siap ibu kota nusantara ikn tempat,Positive
lalapanbebekk jauh ya jing kuta ikn enak kali,Positive
bilang punya uang gaji semua guru cara layak tibatiba punya uang t ikn m hari makan siang gratis ga punya uang ga punya mau,Negative
cak imin potong tumpeng titik nol ikn nusantara,Neutral
cocaptain tim nasional menang aniesmuhaimin timnas amin thomas lembong menteri investasi bahlil lahadalia saling singgung investasi ibu kota nusantara ikn tempodotco tomlembong bahlil,Neutral
btw kondisi jalan sekitar ikn tuju istana negara,Neutral
ukn ukt ikn,Neutral
i dont mind paying taxes if it goes to somewhere worthwhile but all i see is corruption and ikn and people losing jobs without safety net so excuse me to think this is problematic,Negative
temu tempo korporasi taipan panen kayu kawasan inti ikn,Neutral
tanyarl kalian nanti tinggal ikn gambar,Neutral
luhut pasti ceo softbank masayoshi son coret dewan arah bangun ibu kota negara ikn arti kaidanren jepang chamber of commerce kompak seru ada ikut investasi ikn,Negative
kayak suting ikn,Neutral
bang raymond padahal masuk undang ikn dia tetap speak up tentang isu rame video dia ngasih tau hati buzzer influencer udah nonghol buat mecah belah rakyat kerenn dia,Positive
gaes ada kerja ikn kah,Neutral
ikn nnti jdi kota maju gk smua org indonesia mnikmatinya soalna jauh knapa gk sluruh kota indonesia dbikin maju biar smua bs nikmatin jdi gk cm tmpt dibagusin,Negative
akhir date telah sekian lama nunggu paksu balik ikn happy satnight oll,Positive
waketum mui marsudi tutur proses hijrah nabi muhammad saw makkah madinah jauh beda pindah ikn jakarta kalimantan timur disss ga ada tuh critanya rasululloh hijrah pake tanah amp air rupa ngawur ente,Negative
tadi rebah sambil streaming upacara merdeka ikn yah tidur maaf negara ku aku nonton ulang kok,Neutral
tanyarl out of politik pandang pribadi kalian asli kalimantan daerah sebenernya tuju dg bangun ikn kasih alas dongs,Neutral
ikn tuh begini doang gmn si kok ga kyk ibukota malah kek the breeze bsd,Negative
masa sih ikn kayak haters tunggu komennya,Negative
harus manusia sering muncul wilayah ikn buaya harus was was,Negative
apakah ada alam ketrima cipienes kalo kayak arti tempat jakarta nanti bakal ikn ya aku tanya helpdesk belum jawab makasih,Neutral
kalian umur berapa pas ikn selesai me,Neutral
nyata solusi jakarta bebas macet tuh ikn libur nataru,Negative
gundar bakal univ pertama ikn,Neutral
jakarta masalah polusi asap kendara pabrik dsb kalimantan karhutla moga ide pindah ikn pusat perintah kurang,Negative
upacara ikn ditayangin tv mulai jam brp ya tv mana sender pgn nonton,Neutral
batal investasi softbank harus bangun presiden jokowi tengah buai mimpi tentang ibu kota baru tunjuk bahwa megaproyek ibu kota negara ikn tarik bagi investor rasional editorial korantempo,Negative
simpel banget mikirnya ada uang bpjs sehat segera hapus padahal nyawa orang beda dgn ikn ngotot banget ya,Negative
sama ikn cisauk tangs,Neutral
pikir sih kalo misal ibukota pindah ikn nanti konserkonser tetep jakarta pindah ikn kalimantan ada stadion muat banyak kapasitas kah sender serius nanya,Neutral
hasil ngobrol dg anggota dpr partai gerindra beliau beri izin hasil obrol aku tulis twitter prabowo telah lantik manut siapa meski jokowi beliau teguh dg diri amp garis partai tentang ikn ente simpul sendiri jawab,Neutral
tanyarl biasa tv adzan magribsubuh jakarta sekitar nah kalo ibu kota pindah nanti adzannya ikn sekitar dong ya,Neutral
guys kalo ibu kota udah pindah ikn apakah macet jakarta tetap ada kurang,Neutral
beri jelas ttg kondisi titik nol ikn klean ngamuk beri urai sejarah mandalika klean ngamuk maki amuk klean serang pribadi bahas substansi buat maki amuk klean naik semangat buka,Positive
semua jabat kumpul ikn lalu tiba dengar lagu,Neutral
halo semua aku ada teliti butuh dapat masyarakat asli kalimantan kait bangun ikn kalimantan ada warga sini sedia aku wawancarain mohon bantu yaa terima kasih,Neutral
nusantara cara resmi nama ibu kota nusantara singkat ikn ibu kota masa depan indonesia letak antara kabupaten kuta kartanegara kabupaten najam paser utara kalimantan timur ibu kota nusantara rencana jadi daerah,Neutral
caricari alas biar ngantor ikn,Neutral
nah polda kalimantan timur kaltim tengah selidik melakukanprofilingterkait unggah orang warga negara asing wna jelas kena ibu kota nusantara ikn,Neutral
oh inih toh imigran yaman namanyah sugianto kusuma alias aguan bos agung dayu bos pik investor ikn ituh toh baru tau gw savesaiddidu istandwithsaiddidu,Neutral
kirain ubah ikn milik,Negative
tiap mantan presiden sangon rumah gus dur mega sby jatah pusat jakarta jokowi dorong orang beli tanah tinggal ikn ia minta jatah tanah m rumah desa gajah kabupaten karanganyar jawa,Neutral
tanyarl kacau dikit bgt nungguin debat kaltim pdhl provinsi ikn mana nih sjw kata peduli rakyat pdhl kaltim apbd paling tinggi sekalimantan tp paling miskin stunting sekalimantan,Negative
baru kali punya sempat bincang panjang panglima jil tentang hukum adat lestari budaya dayak ikn pandang tentang nkri ada embelembel politik maupun agama fokus kepada lestari alam budaya,Neutral
kalian ada niat pindah ibkot baru ga ikn udah rsmi ada niat rantau sementara ikn,Neutral
gibran nyuruh pak mahfud googling investor asing ikn malah nemu nyata bapak gibran bahwa blm ada investor asing ikn debatcawapres,Negative
btw nanti kalo misal uji keluar ibu kota negara indonesia jawab dki jakarta ikn,Neutral
pantesan mulyono betah ikn,Negative
ada kerja proyek ikn sih kaya aesthetic lampulampu kalo foto pas malem boleh dong drop foto,Neutral
autonomous rail transit art ikn kembali china lt keretatanparel iknnusantara transportasiootonom,Neutral
ok lah ada berita bunyi gedung dpr ikn istana pres hangus bakar sambar petir ppn nyata batal sri mul dapat bisik gaib nada ancam,Negative
sender bpp kaltim bulan depan krna mw ikn ada yng sender tanya daerah sono,Neutral
jakarta udh ibu kota ya trs ikn jg blm bgt arti skrg blm ada ibu kota dong,Neutral
pekan lalu isu bu smi resign udah rame media ga dijelasin alas nyata krn ikn menkeu amp menpupr otw mundur hutang indo otw t ikn lanjut jangan penelitikajian ahli luar perintah org kabinet abai pak jokowi,Negative
aku lihat bangsa mana kagum ikn penasaran bgt,Neutral
investasi as ikn mulai masuk telah praboro menang kemarin tuduh antek cia anies beer,Negative
kenapa sih ikn harus ngumpulin influencer berangkat ya berangkat lah emang urus kerja kerjakerjakerja,Negative
temen gue kantor ngerjain project ikn akhir suka ngestory amp ngetwit lucu gue tanya lucu banget trauma nih ikn,Neutral
berangkat masalah alumnus departemen desain produk industri despro institut teknologi puluh nopember its inovasi desain kereta bandara hubung ikn kota ada sekitar,Neutral
tanyarl sender kepooo tau pandang mahasiswa ttg ikn dong pls buzzr pltk dni,Neutral
inovasi gagas i putu dewangga mahesa fokus desain eksterior interior kereta listrik sesuai karakteristik butuh ikn,Neutral
info bhw scr sama pimpin otorita ibu kota negara ikn undur diri krn takut masuk penjara shg kerja ikn skrg ambil alih kemepupr lihat sering muncul jelas ttg ikn adlh menteri pupr pimpunan ikn apakah info tsb benar,Neutral
alas tunda milu minta banyak pihak apakah sdh tanya slrh rakyat beban negara berat kenapa msh bangun ikn kereta api cepat dll ekonomi berat bikin berat utang roket msh pandemipilkada pandemi klean waras,Negative
bokap gw random bgt gw sholat trus pintu kamar gw gedor gedor gitu selesai sholat gw tanya kenapa bokap gw blg nih ada baju nyata baju ikn kek tbtb bgt beli baju ikn keluarga gw punya baju ikn jadi,Neutral
titip iknpsn titip sawitbatubaranikel titip uu ciptakerkpk titip anak,Neutral
ken cepet pindah ikn biar gk khawatir ada demo,Negative
au ngga ada bocil katrok pindah jakarta pindah ktp jakarta selatan anak jaksel woi bapak maksa anak orang pindah ikn anakanaknya maksain diri pindah jaksel saran kalo anak jaksel ngga usah pake barangbarang branded kamse,Negative
ikn ibu kota negara baru lahir ingin pribadi study dalam tuju nikmat oligarki bkn maslahat orang banyak bangun dana utang dana pihal tiga dukung para jilat kuasa bkn penting rakyat,Negative
ikn killingmyself,Negative
betul orang kurang waras mana suntik ide bangun ikn tengah segala puruk badai sulit hutang gunung pandemi akhir banjir naik bbm rupiah puruk heran juta orang kicep diam bengong longo semua patung,Negative
istana garuda ikn makin hari makin hijau amp keren,Positive
tanya nih min kemensetnegri bayar dana apbn atw dana pribadi joko widodo atw dana ikutdiajak diajakikut ikn biaya dana rakyat baca apbn gw sumpahin lama ikn mencret ya,Negative
cuaca kaltim emang ga bagus kemarin hujan tadi nonton upacara ikn mendung bet,Negative
tiga momen penting yaitu sambut ibu kota baru ibu kota nusantara ikn momen ganti presiden serta tuju indonesia emas mari wujud sama citacita luhur bangsa indonesia hutri ikn indonesiaemas itscampus itssurabaya,Positive
tebak gw ni nanti ikn dibatalin prabowo trus antem janji hibur nasional jamin pasti seru rame penuh drama biaya tinggi nanti bayarin makanya nikmat sekarang,Neutral
kalo hemat milu putar tolak ikn jakarta tetap ibukota negara,Negative
wisata ikn,Neutral
seperti ada bangke gajah sebentar busuk proyek ikn tdk sembunyi shg presiden jokowi buat bela habishabisan bhw ikn ide dia bobrok proyek ikn harus bongkar,Negative
jokowi bilang ikn proyek presiden putus seluruh rakyat,Neutral
tahun jokowi travel jual ikn asia timur tengah eropa amerika australia ada satu investor global tarik ktk masa jabat udh selesai jokowi cuma hibur diri pesta dgn orang paling mahir puji dia,Negative
tanyarl misal nih lolos cpns trs ditempatin ikn domisili jabar nah karyawan baru ya ibarat nanti buat brngkat tinggal sana ada akomodasi kah,Neutral
ekonomi indonesia baikbaik massive layout web karyawan tokopedia rumah mulai juni beban negara tingkat tengah gejolak ekonomi bangun ikn perlu banyak dana realisasi janjijanji politik masa kampanye misal,Negative
gubernur ridwan kamil kritisi kembang ibu kota negara ikn kalimantan timur,Negative
nasib ikn ambisi mulyono,Neutral
poros maritim dunia revolusi industri energy mix b pusat industri baterai ev dunia ikn green and smart city,Neutral
warga sekitar ikn larang ikut upacara hoak malah warga sekitar larang dekat,Negative
sementara asn paksa transmigrasi ikn dia sendiri berlehaleha rumah m kampung solo omonomon bangun rumah segitu gede buat dia pakai dana apbn arti pakai uang pajak bayar,Negative
ada kampung ikn,Negative
hahahahahahaaaaa buru ngesahin uu ikn dlm waktu hari sekarang cabut jakarta,Negative
usai nilai operasi cara otonom saat uji coba proof of concept poc ibu kota nusantara ikn trem otonom padu tot autonomus rail transit art buat crrc qingdao sifang kembali negara asal china,Negative
progres rumah sakit nusantara ikn,Neutral
heran banget kisah wiih ikn megah banget sampai kata lihat megah ikn satu ada pamer liput video tampak ikn ada malah bumi kemah tengah hutan goblok rakyat anggap,Negative
baru tahu ikn sdh habis duit apbn trilyun coba duit banyak bangun sekolah jalan plosok rusak cipta lapang kerja pasti lbh byk manfaat,Negative
menit prabowo pidato rap sekalipun dia sebut ikn ada auto gundah gulana,Negative
kata menteri sibuk urus ikn daripada bangun rumah rakyat,Negative
pohon monas tebang tetiba buzzer bangke amp ebong jumpalit sok peduli lingkung gilir bikin ikn hutan babat pulau komodo tmpat wisata hutan kalimantan kubang ebong pd mingkem kyak silit pitek,Negative
guys kalian ada ga foto foto artikel gitu progres bangun ikn nol butuh minimal foto nol sampe buat tugas terimakasih belum,Neutral
siang terima datang anggota dewan nasihat ibu kota nusantara tony blair istana merdeka diskus tentang rencana pindah ibu kota baru minta mantan perdana menteri inggris bantu promosi ikn dunia internasional,Positive
gue kalo ekonom jahat pas apbn kepentok ya tinggal bilang ga usah bayar pajak investor beli utang negara bakal nuntut bunga lbh tinggi rating utang jelek masuk utang proyek mercusuar ikn suruh menkeu nunut politis,Negative
orang madura tarik tinggal ikn,Positive
lha orang ngetawain ikn,Negative
teman teman kaltim wilayah kalimantan apakah ada demo tolak ikn sebar org org ingin orang kalimantan maju sejahtera tahu telah majelis adat dayak nasional para sultan ada kalimantan,Neutral
milih prabowo dapetnya psi jokowi anak jokowi ipar jokowi mantu jokowi anak jokowi ketua psi baliho psi muchdi pr ade armando titiek soeharto golkar wadas omnibus cilaka firli rempang bahlil bukit algoritma budiman pindah ikn ite jilid,Negative
turut kalian argumen pro pindah ikn sisi geografi tolong bantuin sender buat tugas geo udh cari gogle engga nemu ada argumen kontra doang,Neutral
guys aku pgn daftar cpns tahun coba ikn krna wilayah sender pasti udh rame minat sender org kaltim kok tpi tes gmna yah harus ikn wilayah masing ksna dlu bru tes ada temen biaya huhu,Neutral
hari istana negara lantik bambang susantono dhony rahajoe kepala wakil kepala otorita ibu kota nusantara dua kerja bersamasama bangun ikn ibu kota refleksi kota indonesia masa depan selamat kerja,Positive
ges tolong kalo ada anggota paskibraka pusat tadi tugas ikn live info sender ken nanya about seleksi capaska,Neutral
gedung dpr mpr ketika ibukota pindah ikn,Neutral
pramono tanya rk kait wacana pindah balai kota jakarta pramono singgung imajinasi kemudian balas rk bicara ikn detikpilkada pilkadajakarta,Neutral
kawasan ibu kota nusantara milik pusat latih dukung persepakbolaan indonesia ikn bangun tidak delapan lapang sepak bola harap selesai satu tahun bangun lapang sepak bola ikn biaya fifa,Positive
luhut sebut biaya milu besar perlu tunda kok ikn telan rp t jalan,Negative
serius nanya kota kalian antri bbm antri panjang sampe badan jalan ga sampe timbul macet tiap antri pertalite paling engga harus ngeluangin waktu tengah jam buat antri panjang ya jam pertamax pun antri efek ada ikn banget,Negative
duduk lingkar sekitar titik nol ibu kota nusantara siang tadi dengar para tokoh adat agama tempat para tokoh adat harap bangun ikn kena infrastruktur kembang sumber daya manusia kalimantan,Neutral
belum kah masa ikn keren skr,Neutral
punya dukung selain datang bayar fasilitas omonomon biaya angkut influencer ikn bayar pakai uang pajak rakyat ya iya ikhlas,Negative
ujungujungnya potong potong dapat rakyat terhimpit butuh harga naik kenapa sih ngotot bangun ikn,Negative
whoa this is bold ditwit akun resmi presiden padahal artikel bahas ragu ikn tumbuh ekonomi meleset kkn mahkamah keluarga bahkan tutup kasih tanda tanya besar apakah ikn jawab skeptisme publik gajah putih tengah hutan,Negative
rencana upacara annya bakal ada tempat jakarta ikn ikn ada jokowi prabowo jakarta ada pak ma aruf gibran nanti ikut upacara ikn engga nginep nanti pp pulang pergi datengupacarapulang gokil,Neutral
jawab om bule ketika suruh minta maaf simak nih woiiii lopar lapor lapar ombule maxivalerio ikn koruptor nepotisme,Negative
tom lembong tantang perintah buka satu per satu investasi ikn bahlil nggak boleh bongkar,Neutral
prabowo pindah ibu kota jakarta ikn,Neutral
stravenues kalo tadi ada ketawa imajinasi lah ikn awal imajinasi lah kira orangorang ga ngetawain ikn wkwkkwk,Neutral
belum nyampe ikn foto dulu,Neutral
anies baswedan dana bangun ikn kenapa nggak bayar tenaga honorer guru urgent,Neutral
tanya balas tanya balas nanyanya malah bikin bingung sang anak smk tanya gibran motivasi buat anak muda jadi tamu daerah sendiri malah tanya balik libat pas buat masterplan iknvideo amp pas anak smk nanya,Negative
fraksi pks tolak rancang undangundang atur pindah ibu kota negara ikn jakarta najam paser kalimantan timur,Negative
wuuiiihhh gubernur doa orang tdk tuju ikn pendek umur mari doa beliau panjang umur saksi gagal ikn,Negative
jokowi aku belum ada investor asing masuk ikn,Negative
gua siap awal tagih janji makan siang gratis fk baru juta loker kota baru juta rumah pabrik ponsel rs modern tiap kota lanjut ikn ribu beasiswa milyar per desa,Neutral
mepet ajg bongkar ikn jual rongsok kepul kalo bu,Negative
pantes menang ada dia kata ikn,Negative
kembali jangan balik kereta rel ikn bakal kembali china kenapa,Negative
tolak ikn bangun kota level jakarta,Negative
pagi cerah ibu kota nusantara atas bukit lihat jelas suasana bangun ibu kota nusantara bangun diri infrastruktur kota kebut sama beberapa menteri kepala otorita ikn hari dua kunjung ikn,Positive
adu dapat kena pindah balai kota jakarta rk bawabawa ikn kait imajinasi lalu balas pramono sebut diri libat proses awal pindah ibu kota indonesia detikpilkada pilkadajakarta,Neutral
ppn kado pisah jokowi biar rakyat jelata banyak mati lapar ambisi ikn buat sengsara jt duduk indonesia semua dukung menkeu sri mulyani mulyono kena karma dulu dia sindir sby hambalang depan ikn bakal mangkrak,Negative
bahlil rahasia daftar investasi ikn ekonom harus transparan libat apbn,Neutral
biaya ikn triliun biaya pltn triliun biaya plts cirata triliun biaya satu pltn bangun plts cirata seluruh indonesia pltn mahal bahaya lama,Negative
istana garuda ikn kritik nyoman nuarta baru bikin ruko usah omong,Negative
itsnews dukung transportasi lanjut alumnus its inovasi desain kereta bandara surabaya november penuh aspek transportasi rupa salah satu hal perlu perhati bangun kota baru ibu kota nusantara ikn,Positive
akses jalan tuju ikn amblas duga struktur jalan kuat tahan beban truk muat besar,Negative
pantes ikn amp mindahin balaikota koja diketawain,Negative
warga sekitar larang ikut upacara hut ri ikn pemprov kaltim sedia live streaming,Neutral
ikn imajinasi wacana imajinasi selamat datang dunia halusinasi eh imajinasi maap kadang emang beda tipis,Negative
ikn butuh aksi nyata orang tinggal sana puja puji dunia maya saran bagi senang puja puji pindah ksana bawa keluarga hidup sana klw medsos doang omon omon guna ikn,Negative
kereta rel otonom ibu kota nusantara ikn autonomous rail transit art kembali china alas detikcom,Negative
ngibulnya banget opung nyerah ikn,Negative
awal emang peluang menang pak anies kecil tetap coblos sekali nyesal nyoblos juang panjang selamat pak prabowo mas gibran para dukung lancarlancar bangun ikn makan siang gratis,Neutral
tolak ahok mentahmentah koalisi pemuda ikn harus pimpin putra daerah,Negative
anggar bangun ikn potong jokowi ingin cepat mantan gemas,Negative
proyek landas pacu runway bandara internasional nusantara bandara ibu kota nusantara ikn selesai desember lt bandaraikn ikn,Neutral
ada bilang ganjar presiden maka dia batal ikn bangun jokowi hei keset welcome ganjar taat uu ga mungkin dia batal ikn lindung uu ikn hari ganjar pranowo pasti dia kantor sana jika presiden,Neutral
tingkat dulu tax rationya stop ikn n proyek mercusuar lain baru naikin ppn,Negative
bahlil aku investasi asing belum masuk ikn,Neutral
bacot lu pikir nih negara bikin krbijakan perlu masyarakat ikn waktu abis pandemik lu tau gayus tau rafael alun bacot lu,Negative
paksa roboh rumah langgar rtrw ikn warga kampung tua sabut kaltim pernah sosialisasi,Negative
bpk presiden yth pernyataab bhw ikn sdh ovesubscribed arti bpk sdg proses jual asset negara bpk jual berapa harga bpk tawar calon bel dasar hukum wenang jual tsb,Negative
masjid negara ikn habis rp miliar kapasitas tengah istiqlal rp miliar,Neutral
camping ikn dah selesai antri migor lanjut mas jokowi presiden gih urus tu minyak goreng jangan serah kepada tri asal nyeplak wong ndak kerja,Negative
cuma ingat kang ridwankamil hampir bulan loh apakah ikn jakarta,Neutral
seluruh masyarakat indonesia cinta pindah ibu kota negara nusantara sekadar pindah asn bangun gedunggedung perintah pindah ikn lompat laku transformasi bangsa tuju indonesia maju,Positive
bahlil buka data investor ikn ekonom justru muncul curiga,Negative
bilang investor ikn masuk ikn gibrantweet jawab kemarin fakta amp bijak langit akhir jarum amp wing group keluar konsorsium investor ikn ha ha ha,Negative
menteri pupr basuki mahal benah jakarta ketimbang bangun ikn,Neutral
kepala otorita ibu kota nusantara basuki hadimuljono ungkap jumlah arah presiden prabowo subianto kait ikn salah satu arah beri presiden prabowo arah bangun bagi jadi dua yaitu tahun tahun ikn,Neutral
nah bilang waktu kasih opini ttg ikn kalian habishabisan serang tahu ngga tolak ikn jauh cinta rakyat kalimantan daripada jilat penghalu pukau dg omong nggedabrus si bohong,Negative
kira proyek ikn mangkrak spt proyek lain tdk awal dg study layak sila publik catat mention mention bhw mbl esemka adlh bohong mention bhw ka cepat tdk laik tdk layak serta jalan tol rugi,Negative
breakingnews kepala otorita ikn bambang susantonomengundurkan diri jabat dua bulan jelang rencana jokowimenggelar upacara ingat hut ri ikn wakil oikn donny rahajoe turut undur diri,Neutral
kemenhub klaim bahwa negara rugi jika proyek kereta rel art ikn henti kembali china ujicoba art tvone,Neutral
wisata ikn,Neutral
moga rakyat tdk lupa saat china minta buat rencana kereta api cepat jakarta bandung akhir jadi beban seluruh rakyat skrg ikn beri china,Negative
arti benar ya semua kacau zaman pandemi sengaja tutup isu tiga periode kenapa ingin tiga periode takut ikn selesai,Negative
awal hari kantor ikn energi pola pikir semangat baru langkah awal beri harap peluang baru masa depan indonesia jauh baik,Positive
makan mie ribu ngabisin triliun apbn buat kcic ikn,Negative
kangen mas bojo ndang mulih ngko masakin teh dinas ng ikn,Neutral
softbank mundur proyek ikn investasi usd miliar gagal masuk ri,Negative
wkwkw salut orang indonesia tahan punya presiden nggak jelas kayak urgensi relevansi coba bawabawa seleb ikn duit negara semua pasti kata jilat psi,Negative
senin deh tunggu ak pulang dri ikn dlu,Neutral
ikn kaltim potensi banjir tengah maret brin jangan kaget ikn mulai rendam,Negative
kok kampanye kalimantan diri ikn bos,Negative
megaproyek ikn alami sesuai waktu selesai timbang program prioritas lain perintah presiden prabowo,Neutral
protes warga dayak hadap otorita ikn paksa rumah wilayah ikn bongkar waktu hari,Negative
tanam pohon beringin ficus benjamina kawasan istana presiden ibu kota nusantara pagi tanam beringin kembar pohon simbol agung harap tanamantanaman,Positive
nyata keras fahri hamzah ikn tdk ada manfaat bagi rakyat amp konsep matang kini demi kuasa dia gadai akal sehat,Negative
bulan november tepat bulan telah hari merdeka ri ibu kota nusantara tampak tunjuk progres tampak bangunanbangunannya makin kokoh kembang video rona marina ronamarina jurnalis,Positive
lamalama ikn lihat kota ghoib maju saranjana canggih keren banget lah,Positive
lalu ikn mangkrak mulyono keluarga harus ganti rugi negara akibat mimpi halu mulyono,Negative
hari terima para ketua umum organisasi mahasiswa kelompok cipayung plus yakni hmi gmki pmii pmkri kmhdi imm hikmahbudhi lmnd pii hima persis kammi gmni diskus tentang,Neutral
alokasi anggar bangun ikn potong jokowi kata presiden prabowo telah tegas bangun ikn cepat,Neutral
alhamdulillah tadi nikmat suasana pagi sambil sarap rebus sukun goreng gelas teh hangat ibu kota nusantara ikn provinsi kalimantan timur jumat maret terima kasih,Positive
hiruk pikuk pilkada kabar ikn riwayat dulu pemujacinta bleketetet ssd rikiaiza doktortasawur tanhaka aryalvin,Neutral
calon presiden capres nomor urut anies baswedan tegas nyata jika diri pilih presiden maka bangun ikn kaji ulang hal mula saat anies minta pilih ibu kota baik jakarta ikn lokasi kabupaten,Neutral
dpr ogah pindah ikn tetap jakarta prabowo ogah pindah ikn tetap jakarta jokowi ogah pindah ikn malah pilih mulih solo lha ikn iki dinggo sopoooo,Negative
bangun ibu kota nusantara ikn ingin cipta perata ekonomi perata duduk tumbuh titiktitik tumbuh ekonomi baru banyak persen produk domestik bruto pdb ekonomi indonesia dapat pulau jawa bangun ikn,Neutral
tiktok banyak postingan komen siap dukung berita stanford ikn ok gas,Neutral
aku awam nih tahun depan rakyat tengah bawah patungan buat ikn program makan gratis yah luar biasa,Positive
kalo kek gw goes sampe ikn,Neutral
kereta rel ikn kembali china teknologi masalah,Negative
udah makin nyata aj hunger games hutan gusur demi bikin ikn pake baju adat tiap agustus cuma buat ceremony tnpa beneran ngelindungi masy adat tiap prov keruk sda jual buat kaya sndiri,Negative
participamos en la inauguracin del evento cybersecurityidentification organizado por iknspain donde hablamos sobre la directiva nis y el reglamento dora estas normativas buscan dar una respuesta a las ciberamenazas y garantizar la defensa ante ciberataques,Neutral
trem otonom ikn dulu promosi cina kini kembali,Neutral
halo sobatnusantara otorita ibu kota nusantara ikn umum hasil seleksi seleksi kompetensi cpns otorita ikn tahun anggar,Neutral
harga obligasi naik maka harga obligasi naik utama perintah cermat ambil untung beli saham ikn kek beli saham garuda kek,Positive
onielity goes to ikn mah topi doang conieljkt ayk kalimantan lagi,Neutral
orang hidup penuh dgn masalah jateng takut banteng jakarta takut fpi ikn takut warga daya,Negative
ikn makin cantik,Positive
tanda mangkrak ga seh guys kereta otonom rel ikn bakal kembali china,Negative
gera bawa baki bendera hut ri ikn sebut abal-abal warganet malu nontonnya,Negative
jokowi minta china bantu desain ikn ini bukti nyata bahwa wilayah memang sdh serah tiongkok lah tentu detail design supaya sesuai dgn ingin,Negative
karya seni memang sulit debat gantung selera boleh dong nanya garuda ikn pakem,Neutral
pj bupati ppu minta ganggu proyek ikn,Neutral
seluruh gubernur hadir titik nol ikn nusantara bawa tanah air daerah masing-masing acara jadi tonggak sejarah bangun ikn,Positive
susul softbank dua konsorsium kabar ikut mundur investasi ikn nusantara,Negative
hasil tipu tol bangkrut bumn ka cepat kena jebak china ikn jual negara,Negative
ikn jual negara,Negative
joe biden sorot pindah ikn dapat potensi banjir korupsi miliar dolar,Negative
layak negeri kaya sda laku rakyat spt kejar malah kereta cepat ikn,Negative
pukul telak bagi jokowi ikn bakal mangkrak buntut prabowo stop anggar infrastruktur,Negative
selamat pagi ini logo ibu kota nusantara luncur kemarin logo jadi identitas visual bagi ikn,Positive
ikn bangun bakal ibu kota negara,Neutral
fajarnugros pajak naik bayarin ikn makan gratis,Negative
masif bangun infrastruktur dukung pariwisata serta dagang industri,Neutral
siklus hidup cak imin potong tumpeng ikn - tolak ikn - hadir ikn - puji ikn,Neutral
ikn tetap kerja dimangkrakkan gedung atlet hambalang skala prioritas program rakyat miskin lapar,Neutral
bahkan denger ikn sbnernya depok,Neutral
mimpi kristianie lumatalale gabung tim paskibraka nasional pupus tengah jalan ikn,Negative
tani tangkap pj bupati ppu minta warga lokal ganggu proyek ikn,Negative
editorial metrotv frontal ikn gula gula ikn laku kata,Negative
ingat kereta otonom rel autonomous rail transit art dipujapuja jokowi saat operasi ibu kota nusantara ikn kalimantan timur kini semua tinggal cerita kereta cocok guna ikn bakal kembali china kereta,Negative
sembah jokowi bilang guwe dukun garagara bilang kaya ikn bakal mangkrak laahhh guwe dukun gua banyak baca tau clueclue indikasi ikn bakal mangkrak salah satu cluenya paling jelas ya putus rezim baru mr,Negative
guys aku baru install township seruu susah dapet duit blom bangun kota ikn gatau layout kota gimana temenan yuuu antb,Negative
dahlia yati suku paser balik duduk asli tempat calon diri ikn aku kaget lahan rumah tibatiba pasang patok lahan rencana bangun ibu kota baru temponasional,Negative
sejak rezim bangsa indonesia langsung anggap bodoh mulai kerja tambang sampai kerja sipil ikn bangsa anggap tdk mampu pdhl an sdh buat pabrik pupuk kilang minyak pesawat terbang apalagi kerja sipil,Negative
ada doa orang proyek ikn mangkrak fakta prabowo tetp konsisten lanjut proyek ikn ada doa orang indonesia sendiri indonesia kalah lawan arab saudi fakta indonesia menang jelas doa orang sakit jiwa ga kabul tuhan,Positive
ada bung karno bung hatta ikn taman kusuma bangsa bangun bentuk hormat atas juang panjang para pahlawan merdeka memorial park taman fungsi ruang publik monumen selain monumen,Positive
ikn buah gagas anies serang gagas lalu jawab enggak usah tanggap gimana kata jadi ajang milu kali adu gagas lol,Negative
kenapa tokoh adat kalimantan undang rasa megah nikmat ikn malah artis ajak kesana,Negative
rupa kereta pinjam agustus an pinjam kereta ikn kembali china omon tunjuk telah selesai kereta otonom ikn kembali china otorita ikn bilang hasil kaji evaluasi fungsi dgn baik,Neutral
sbg ajar ekonomi lihat pajak emang perlu bayar amp naik sesuai butuh apalagi sesuai dgn ingin rakyat utang jatuh tempo akumulasi pasca krismon mesti thn akhir apbn siap mata anggar mercusuar ikn,Neutral
barusan denger rriprograma orang otorita ikn bilang anggar tinggal t keluh investasi asing belum masuk trus kata bingung bangun kurang duit oia banyak para kerja kasar pilih pulkam bayar ngga jelas lucu jokowi,Negative
buat nutup utang ikn waris mulyono,Neutral
jokowi tawar huni ikn warga singapura analis politik ada juta warga indonesia belum punya rumah,Neutral
september kantor ikn mulai besok sampai akhir jabat september ga deh nonton bola emang tukang ngibul selalu ada alas,Negative
loh topi onielity tiba tiba nyasar kesini eh ngapainn conieljkt ak ajak ikn,Neutral
jika apbn mampu kemudian investor tarik biaya ikn maka proyek mangkrak jadi museum bangun bengkalai paling besar indonesia ungkap teliti indef nailul huda cnnindonesia,Negative
ikn it s all been said but if you have any shred of decency tomorrow don t make this a grief competition between your favs you don t kn these men personally and have no idea how individual people grieve let them do it in their own way without your opinions,Negative
semua serba imajinasi ikn imajinasi kata kang emil mas pram libat ikn daripada kang emil jleb tenan,Neutral
tani mas ganjarpranowo unjung ikn nusantara tatap masa depan indonesia cerah simbol visi indonesia emas ikn salah satu upaya dorong perata ekonomi sejahtera rasa seluruh rakyat indonesia,Positive
apbn kurang rocky gerung usul biaya ikn lalu judi online,Negative
ikut paskibraka perempuan harus copot jilbab ikn aceh dzawata maghfura zuhri sumbar maulia permata putri jambi rahma az zahra riau kamilatun nisa bengkulu amanda aprillia jawa barat sofia sahla diy keynina evelyn candra ntb amna kayla,Neutral
orangorang bela ikn ga ada efek bangun ikn satwa liar sekitar bom selesai bangun air tempat pesut mahakam udah cari limbah tambang bukan baik cari solusi tambah rusa bangun ibu kota naif semua,Negative
training center pssi ikn,Neutral
ayo para artis tinggal ikn duluan bikin aktivitas seni bikin film sinetron tunjuk lain sbg influencer baik mesti kasi contoh baik pula tinggal tetap sampai thn tau banyak investor datang,Positive
bandara ikn target layan terbang komersial,Neutral
duduk ikn batas juta jiwa kepala otorita sebut warga bahagia bisnis update bisnis text,Neutral
habis dukung terbit larang oke gas oke gas warteg larang ikn anggap kotor,Negative
truk listrik fuso ecanter belum operasi ikn,Neutral
emang dulu buruburu pindah ikn siapaaaaaaaaaaaaaaaaaaaaaaaaaaaaaa,Negative
jika prabowo presiden gibran kuasa jakarta ya sebab prabowo subianto fokus tancap gas bangun ikn nusantara sementara gibran rakabuming mungkin besar bakal limpah tugas urus mantan ibu kota jakarta hendak sulap kawasan,Neutral
prof din s terbit maklumat corona minta pindah ikn tunda selesai kasus jiwasraya dg bentuk pansus dll republika online mobile,Neutral
kemenhub nyata negara alami rugi bila kereta otonom autonomous rail transit art ibu kota nusantara ikn kalimantan timur henti,Neutral
ikn mulai harus lanjut sekadar laksana undangundang komitmen gerus timpang bangun nusantara wujud bangun adil rata bagi seluruh rakyat indonesia,Positive
akhir khawatir jadi dpr tolak pindah ikn mungkin stlh nonton video bawah dprri dpdri sociotalker aguspambagyo andrinofach bsantono,Negative
mindahin balaikota dr jakpus jakut selesai masalah apaapa malah bawa contoh ikn nyambung wkwkwkwkwk,Negative
cak imin ikn enak jakarta tibatiba suruh hutan,Negative
baru liat malem tadi sore kukuh paskibraka nasional ikn semuaaaaaa serta perempuan kirim dr daerah hijab tadi ada satu hijab,Neutral
sentiment kemangkrakan ikn jadi hantu buat mulyono sejak berkuasashg perlu periode,Negative
mindahin balaikota em kok pola ya mindahin ibukota ikn ygz,Neutral
telah tawar bagai pihak krn laku akhir proyek ikn obral dg tawar hgb thn seperti ikut dg obral asset jakarta ambil untung sila simak analisis tsb channel youtube manusia merdeka,Negative
tani tolak proyek ikn tangkap botak polda kaltim tata tertib,Negative
temu prabowo presiden peru punya harap ikn nusantara,Neutral
tempothread sewa alphard juta hari tarif hotel juta per malam mari samasama taksir berapa banyak uang rakyat keluar raya upacara hut ri ikn a thread,Neutral
alisyarief mungkin kah hal jadi krn ada barter dg ikn,Neutral
bangramzan faridhcrb nah mulai liat lama tuman negara wktu pmbangunan ikn kmrn org bawa sayang banyak ga tau dia gerombol the real tuman,Negative
ewinktie buat rawat oligarki plataran ikn coming soon,Neutral
tekarok ikn mangkrak e formula vs mandalika,Negative
oh no people are finding out about ikn and i have to hear idiotic opinions from oblivious idiots thinking its a reasonable concept,Negative
yah kok udah dikembaliin padahal ikn belum gue belum nyobain emg kemarin nyewa kah beli,Negative
bangjun ernestprakasa buat byrin hutang ikn kaum puja puji setinggi langit sekarang mamamlah bijak kalian dukung,Negative
ianosphere kegblgnunfaedh proyek ikn y,Neutral
aplg ikn tmbh mangkrak,Neutral
teeewong nang ikn e kok mek luk le,Neutral
kasihan buzzerrp udah berbusabusa puja puji kereta otonom tahu fungsi kasihan rakyat indonesia uang dihamburhamburkan kereta otonom rel ikn bakal kembali china laporkanjokowikemaswapres laporkanjokowikemaswapres,Negative
betapa keren kalo parlemen ada wakil suku dayak berani robek mou ikn depan mata semua orang sayang isi parlemen sekarang malah signal hilang bayanginnya udah nang,Negative
duren tuju banget biar kuncen dia ikn,Positive
maksa utang buat ikn buat kereta cepat perintah bayar malak rakyat,Negative
ikn buang duit rakyat triliun ancam mangkrakkk guna,Negative
pakai dana anggar ikn tutup tekor bpjs t,Negative
mungkin kecil sih naik ppn buat ikn program maksi gratis jgn lupa hutang proyek kereta cepat whoosh jg kai minta bantu perintah,Negative
belum dana alir ikn,Neutral
nanti pajak buat bangun kayak ikn kalian punya rasa bangga contoh jawab,Positive
eits prioritas ikn maksi gratis dulu yachomke gamz okme gamzz,Neutral
naga ikn sekali kirim balik,Negative
ikn buat jg belum ibu kota negara sdh museum main kampus muhammadiyah sorong papua lah biar agak sedikit lbh cerdas,Neutral
kompascom overlaping bocah next presiden mogok nasional pemda seluruh indonesia tumpang tindih bijak udh mending urusin ikn nohhh oeninggalan bapak elo,Negative
ankiiim bapak bilang esemka pes ribu tau ngibul ribu triliun kantong kanan kiri eh ngibul jg ikn kata fufufafa eh pake apbn sekarang anak lg ngapain pangggung ya sm bapak ada percaya sm keluarga udah aneh,Negative
joeamirzzz ernestprakasa jaga ekonomi bawah enggak broo buat ikn sengsara rakyat,Negative
democrazymedia prabowo baik angkat mulyono jaga ikn kasihan dia ada kerja,Neutral
maghfurbastaman masveel jawab masveel mumpung lg ga sibuk kontraksi eh dgn konstruksi ikn,Neutral
ugfess sebenernya moodle ada fitur notifikasi email cuma gundar ga ngaktifin fiturnya buat app duit udah abis kali nder lari ikn,Negative
tham buzzerp puja puji ikn dipake kagak,Neutral
alvinlie jokowi beda butuh ingin kereta cepat ikn ingin beliau berfikir hasil perintah sesuatu lihat beton besi makanya hukum didik ekonomi yah cendrung buruk,Negative
ardisatriawan semua demi nombokin defisit proyek mercusuar ikn milik mulyono,Negative
reltanahkusir gubernur dki kaga ada ada otorita kota jakarta mana pimpin kepala otorita kek ikn mana tingkat menteri,Neutral
duren mulyono demit ikn,Negative
tham g usah lebai boi uang pribadi buat ikn uang seluruh rakyat indonesia bayar pajak g usah lebai akan golong tentu buat hasil dia sumringah gagal rakyat salah,Negative
wxlfayla ayle ooohwthat explains why my mind instantly went to roermond when i heard ur voicesounded like people ikn there,Neutral
giginpraginanto janji prabowo kalah bombastis jokowi tumbuh ekonomi swasembada pangan tahun turun dollar rampung ikn tahun pakai menteri tehnis waris jokowi nyata kerja serta korup bgmana orang percaya,Negative
rilmeniir tentu kalimantan barat tahun impor serawak dah lonjak sampai tahun gwh tinggi gwh gempa relatif rendah perlu ikn,Neutral
dhendrawan rilmeniir tuju kalo kalimantan selain banyak lahan kosong dua mungkin gempa kecil selain topang butuh listrik ikn kota kota kalimantan tumbuh pesat ekonominyadan jual listrik kepada usaha besar ada sana,Positive
democrazymedia ingat makam firaun ingat piramida ingat makamingat ikn,Neutral
hrdbacot negara bu gara proyek ikn kerera cepat makanya cara cepat naikin dapat negara ya lewat pajak udh miskin ide inovasi nih perintah,Negative
mamamochi feroferraferri modus tuh si feroferraferri sbnarnya dia ken ngajak jln k ikn,Neutral
ragilsemar coba dulu anggota dpr protes keras ikn omnibus law realitanya kena sawer mingkem,Negative
prabowo pak si fufufafa supaya ngantor ikn pak biar tenang ngegame nymngnya,Neutral
pram apakah serius pindah balaikota jakpus jakut apakah bagi imajinasi paslon rk perlu adil tata ruang kalo tadi ada ketawa imajinasi lah ikn awal imajinasi,Neutral
prabowo pak dengar suara rakyat ada paser pak tolong tegak hukum pasernpak dekat ikn nyawa ancam,Negative
mdyasmara atas masuk raja jawa beban ikn pasu sumber sda penuh ekspor hasil garmen ada pabrik tutupphk tubi investor ada masukterpaksa semua kena ppn tambah apbn,Negative
ikn amalbutt,Neutral
guru honorer lu gaji layak guru daerah lu perhatiin kudu didik lu genjot makan siang gratis ato ikn,Negative
sehr ejz pkip xpromotion ppro bpro sehr kpr ayshh sarazzaq nima xpromo ikn pti sehr hk xhebby,Neutral
tekarok bro pak jokowi kgk tinggal ikn kar tinggal ikn dasar bohong,Negative
democrazymedia sy tuju kalo pak jokowi harus tunggu ikn,Positive
txttransportasi bagus banding kereta otonomos ikn hehehe,Positive
htklnl prabowo gerindra kata masyarakat dayak dukung ikn knp skrg protes demi tolak ikn padahal awal sdh ingat,Negative
rmin maruar sirait selain ngintil bokong aguan pik ikn menteri transisi jokowi bikin masalah kabinet prabowo gibran,Negative
cnnindonesia usul pak ikn gerindra prabowo,Neutral
ikn amalbutt aisha tu wo khain na sada na kiun likhiya,Neutral
turut gwkita viral in malah dia rasa bener udah kagak usah pernah bahas biar hilang sendiri spt ikn,Negative
rangga makanya pajak digedein buat bangun ikn,Negative
tempodotco cuma rugi triliun mah kecil bagi negara demi sehat rakyat hitung gilir program populis kayak ikn makan siang mobil jabat gaji jabat gelontor habishabisan,Negative
husinshihab yuk cepet cept pindah ikn sayang habis ratus trilyun pake yuk gibrantweet,Negative
ikn rupa simbol komitmen perintah indonesia wujud perata ekonomi seluruh penjuru tanah air ibukotanegaranusantara ikn iknnusantara indonesiaemas smartcity kotamodern indonesiamaju kotamasadepan pembangunanikn,Positive
tekarok banding apple to apple karya non permanen kok dibandingin gedung ikn manfaat gedung bangga kaum lantik presiden jakarta lanjut akmil magelang trs fungsi ikn nyedot anggar sila joget,Negative
tham ajak keluarga libur minggu ikn biar rasa langsung sensasi jgn cuma dpt fotovideo syukur stlh balik ikn waras,Neutral
ikn amalbutt,Neutral
tekarok buzzer goblok minimal ngga ken tahu goblok baca sedikit blok biar nggak liat banget gobloknyaa baca baca baca ada fakta nyaa event asi games bandingin ikn hasil ngutang blok goblok,Negative
mulaiganti ernestprakasa thatsss pointtt salah sendiri milih beliau awal sekarang nyalahin era prabowo kontaminasi jokowi andai prabowo awal presiden gada tuh buang anggar ikn,Negative
tham inti jk gedung kantor perintah wakil rakyat selesai bangun resmi fungsi semua giat perintah pindah mk dgn sendiri ikn ramai tumbuh pesat,Positive
karya anak bangsaikn,Neutral
doktertifa bu fakta sang macan kucing meong meongjoin development natuna antara indonesia cina ko diem aje ekspor pasir laut kasus pik psn ikn diem dia,Negative
bangun ikn gilagilaan bidan sakit gotong warga kondisi jalan kaya gitu lama jam pimpin negri serta buzzernya tuntut abisabisan yaumul hisab dzalim gada abis,Negative
pinjem udah pulang kampung konon kata kereta rel cocok operasi ikn pinjam dulu ratus,Neutral
jawab anies ikn negara laku otoriter putus uu ikn partisipasi publik jika ada masalah jakarta maka selesai masalah tinggal pantas bangun istana amp gedung mewah birokrat sementara rakyat susah silah,Negative
sibuk banget ngurusin pilkada jakarta ikn bubar ya mul jokowi,Negative
psn infrastruktur era guru bangsa jokowi kiyaimarufamin top dah tol laut udah pik udah ikn udah karya besar,Positive
petinggi negeri joget gembira hari merdeka ketika rakyat justru jajah harga pangan naik pajak naik phk mana bbm naik utang naik rupiah lemah apbn sedot proyek masalah kcic ikn btw keren sih,Negative
execration huss dia salah satu bos kontraktor ikn,Neutral
ekonomi kuat punya apbn tekor tekor milu kemaren pesta besar an bom bangun ikn akhir mangkrak negara kaya tdk rakyat derita karna peras dgn pajak tinggi tolakppnpersen,Negative
momen orang cerita biaya hidup saat ikn nyata mahal banding jakarta lihat biaya kosannya mahal banget ttcemalcemilbogor,Negative
intermakcz rawa pramonoanung ane mikirnya justru gitu makanya pak bas cuma jaga sekoci kek rk kalah dia ikn karna pak bas mo ikn gabakalan lama karna beliau sendiri jujur udah ga kuat kerja lama urus nasional birokrasi karna ikn jabat plt ga jalan,Negative
djarum wings group hengkang konsorsium aguan proyek ikn,Neutral
amalbutt ikn alas kereta rel ikn kembali china,Neutral
lelakilugu haniabdillah tanmarm presmian dlu pake kepruk kendi pun ada dukun dlu stiap umum kputusan pnting rabu pahing gtu pokok nyocokkan weton acara spt madalika nyewa pawang tp krjanya gagal mbangun ikn hrs bawa tanah amp air bbagai sumber seluruh prov jlas welo,Negative
esteh kemenhub trem otonom ikn kembali china belum penuh standar,Negative
otorita ikn kembali trem otonom asal china ada,Neutral
kereta rel ikn kembali china alas,Neutral
menteri hubung kemenhub ungkap alas balik kembali kereta rel autonomous rail transit art ibu kota negara ikn nusantara,Neutral
tarik beli edisi ikn,Positive
ajar hambalang ikn perlu bentuk satgas anti makan anggar megah jago bikin satgas j,Neutral
makin hari makin jelas aje ni ikn,Negative
gw bakal kirim ikn,Neutral
musim sakit sih ikn batuk asma sampe ga ilang ilang,Negative
krna infrastruktur paling empuk korupsi selain skema banking jg empuk bayangin blbi century hambalang ikn bancak cuci piring rakyat deui bae nanggung hutang pajak,Negative
akhenaten mirip jokowi mindahin ibukota ikn anak ngutangkhamun mirip fufufafa punya program makan siang ngutang china,Negative
mirip akhenaten djawa mindah ikn,Neutral
wkwkwk kasi ikn,Negative
ngehit ikn apakah ikn mangkrak hambalang buat era sby,Negative
perintah kembali kereta otonom ikn china jika harus guna sopir,Negative
ikn downfall,Negative
baru ngetwit kabar ikn wkwk,Neutral
gue bilang ikn proyek balas budi jokowi kepada naga eh dukung mulyono percaya proyek nasional,Negative
perjadin papua kali bener masyaaallah ketemu orang hebat ketemu pasien liat langsung gimana kondisi rs daaaan mikir harus ikn gausah bangun dulu becauseeee woy lihat to kondisi rs papua kelas b kaya kelas d prihatin,Negative
aku asisten artis ikn gaes tp skrg belio hiatus ingfoo baru aku ga tau,Neutral
klau nilai pg cpns formasi putraputri kalimantan mas formasi umum guna biar kes prioritas ikn pdhl mah tetap ngutamain formasi umum wkwk,Negative
hahahahahaha im here for ikn downfall,Negative
kereta rel otonom ibu kota nusantara ikn autonomous rail transit art kembali china hasil nilai hingga evaluasi temu kereta rel sebut belum fungsi baik,Negative
pantesan om lap kok tumben ngasih uang jajan sjk agustus keponakan tahu bingung pindah ikn mending pensiun kalo begini drpd dosen ikn mo ngajarin,Negative
future tuju wisata besar indonesia fosil ikn,Neutral
tambah ada kunjung ibu negara bagi ikn makjreng ken tiba tiba flight dengar anak enak badan,Negative
ba rohto panggil gue joy ikn,Neutral
bulan jalan ikn,Neutral
wihh design ku ikn dah,Neutral
yeeeyyy ikn mangkrak,Negative
sumatera papua kalimantan tepat jalur khatulistiwa ada iklim tropis rimbun yaa tetap adem sejuk lembab suhu ekstrim dll bahkan ikn kabut tebal tiap saat,Positive
sebenernya salah perintah pusat jadi punya uang punya fasilitas keluarga harap dsb lha memang pempus sekarang potong sekitar anggar menteri demi ikn kenapa mampu ngobrol harga bahan pokok pun sulit,Negative
polres ppu gelar press release ungkap kasus tppo anak bawah umur polri divhumas coolingsystem poldakaltim kaltim ikn ibukotanusantara mahakam,Neutral
not towa told me that his lecturers invested their money on ikn project and i looked at him straightly saying eh your professors got scammed lah by our gov it is canceled itung bayar utang dulu ngejajah ya,Negative
blg smart dia goblok ya and hijau do u know how much terrible things that happens to the environment around them pas ikn bangun allahu pwk you shouldve known better bjir not pointing this to the sender,Negative
mksdnya ya pak presiden prabowo apakah perintah negara ikn beda ama perintah negara jakarta,Neutral
ikn nusantara kota cerdas masa depan indonesia ibukotanegaranusantara ikn iknnusantara indonesiaemas smartcity kotamodern indonesiamaju kotamasadepanpembangunanikn,Neutral
bangun ikn maju indonesia ibukotanegaranusantara iknnusantara prabowolanjutkanpembangunanikn astacita,Positive
bangun ikn maju indonesia ibukotanegaranusantara iknnusantara prabowolanjutkanpembangunanikn astacita,Positive
bangun ikn maju indonesia ibukotanegaranusantara iknnusantara prabowolanjutkanpembangunanikn astacita,Neutral
bangun ikn maju indonesia ibukotanegaranusantara iknnusantara prabowolanjutkanpembangunanikn astacita,Positive
feel like trsr definitely will be like ikn too much potential and talent but always wasted by that company so frustrated,Negative
gaji tara umr ikn,Neutral
adu wapres agak bikin parno wkkw knp krn orgnya ga peduli sikon lapang tp mslh hrus beres scr goblog bs nih org ngadu pak tolong stop ikn trus dia dgn citra bs dispo otorita amp kemenpu usahain brenti otoritapu akn protes ga bs pak,Negative
nasib ikn gmn presiden g pindah nnti sarang hantu,Negative
psn infrastruktur era guru bangsa jokowi kiyaimarufamin top dah tol laut udah pik udah ikn udah karya besar,Positive
kemarin udah ikn kereta cepat akal china dapet untung indonesia sini presiden jokowi blm beres trus presiden prabowo tunggang sekali rakyat indonesia juta jiwa dah jatuh ketiban durian runtuh sampe juta luka kujur badan,Negative
ikn airport officially turns commercial archipelago the jakarta post jakpost,Neutral
eng ing eeeeeng kereta otonom rel ikn kaltim bakal kembali china daftar evaluasi pakar transportasi,Neutral
raih kontrak baru rp triliun ptpp garap jalan tol jogjabawen hingga proyek huni vertikal ikn ibukotanusantara iknnusantara indonesiaemas dukungpembangunanikn iknmajukanindonesia iknkotakelasdunia investorikn,Positive
ikn imajinasi kang ngayalngimpi lupa ikn ibarat mimpi buruk siang bolong tinggal tanggung jawab audit bpk mantan presiden joko widodo kepada rakyat ri ikn guna dana apbn laporkanjokowikemaswapres lapor langsung mas wapres,Negative
ibu hebat mesti usul pak presidentanggal agustus nanti ikut upacara ikn terima harga bintang mahaputra plus unta bunga melati gantung leher,Positive
sahabatpu mimin spill beberapa istimewa bangun istana negara ibu kota nusantara ikn telah selesai resmi bulan oktober lalu lalu video ikut sigapmembangunnegeri iknkita nusantarakita,Positive
anggota dpr ikn bangun ikn cepat ex amien rais si sengkuni mbatalkan ikn makin kejang,Negative
aneh sekali mi ayam semangkuk buat tahan tdkk makan bbrapa jam lbih lama ktimbang ak mkn porsi kuli ikn ingin rasa teliti tp scope pnelitianku,Neutral
kn rupa simbol komitmen perintah indonesia wujud perata ekonomi seluruh penjuru tanah air ibukotanusantaraink iknnusantara indonesiaemas smartcity kotamodern indonesiamaju kotamasadepan pembangunanikn,Positive
satu kata ikn,Neutral
beri gue alas ar kalo emang gue harus pindah ikn,Neutral
rebranding ikn,Neutral
waduh cuma minjam sy kira beli produk negeri ikn kota palsu bangun orang palsu,Negative
padahal ternak mulyono belum naik tp udh dibalikin krn gagal jangan udh habis sewa yak mungkin kemarin sewa cuma buat konten doank ikn,Negative
berani lah taruh dana judol bagi lari ikn ada campur tangan presiden acc makanya ketar tir pas sambo tangkap,Negative
urgen revitalisasi lembaga iptek nasional batal eksodus ikn teliti daerah malah harus homebase unit sejak januari silah keluar,Negative
ikn indonesia nkri,Neutral
ikn,Neutral
resmi komersial ini nama baru bandara ikn kaltim,Neutral
alas perintah kembali kereta otonom rel ikn cina sempat bangga jokowi loh loh koq perintah berani banget mancing emosi buzzer gorong ga takut bully ya,Negative
momen ketika presiden republik indonesia ri joko widodo pasang baut emas konstruksi kantor presiden ibu kota nusantara ikn september kembali ramai media sosial x baut emas disangkutpautkan tradisi jawa sebut munggah,Neutral
ikn gow lah can niwak ie panjang leng,Neutral
ikn rupa simbol komitmen perintah indonesia wujud perata ekonomi seluruh penjuru tanah air ibukotanegaranusantara ikn iknnusantara indonesiaemas smartcity kotamodern indonesiamaju kotamasadepanpembangunanikn,Positive
ni mah biasa denger gombrang gambreng berita ikn tiap detik menit jam koq sekarang agak sepi ya buzzer media duitna beak sugan ahh gebleg lah,Negative
prabowo komitmen lanjut bangun ikn hingga selesai,Positive
prabowo komitmen lanjut bangun ikn hingga selesai,Positive
banyak koq capai bansos mantab ikn mantab kcic mantab whooss jalan tol mantab kkn mantab bagi kaos mantab bagi sepeda mantab masuk gorong mantab blok medan mantab banyak mantab gk mantab mulyono suka bohong mulyono suka ngutang bayar rakyat,Negative
bangun ikn rupa strategi perata ekonomi nasional rancang episentrum baru saat roda ekonomi kalimantan timur geliat bangun ikn geliat roda ekonomi rasa daerahdaerah,Positive
ikn rupa simbol komitmen perintah indonesia wujud perata ekonomi seluruh penjuru tanah air ibukotanegaranusantara ikn iknnusantara indonesiaemas smartcity kotamodern indonesiamaju kotamasadepan pembangunanikn,Positive
ikn,Neutral
ikn rupa simbol komitmen perintah indonesia wujud perata ekonomi seluruh penjuru tanah air ibukotanegaranusantara ikn iknnusantara indonesiaemas smartcity kotamodern indonesiamaju kotamasadepan pembangunanikn,Positive
dah agak ibu mesti nak ikut pergi ikn putrajaya esok sbb ibu mmg suka tgok suasana tempat kerja anak,Positive
ikn nusantara wujud perata maju indonesia,Positive
udh kek kunjung bilateral sekali groundbreaking ikn anjir vibesnya ampun bang jgn serius serius bwang,Neutral
hari hari hidup ibukota eh mas ibukota gaksi kata gajadi pindah ikn telkomsel the best,Positive
alas gua dukung ikn mangkrak jadi ibukota tunggal,Positive
apakah ahy sindir proyek ikn mulyono semua kerja mulyono lama tahun,Neutral
keren dr pd ikn,Positive
istg i saw someone said aku udah effort cari topik ngobrol and i d be like bruh drop anything from pilkada lanjut ikn naik angka anggur extreme weather but if you struggled to find topic cuz it s the bantering partner blee beda ngapain,Negative
ikn bakrie group bangun school of sustainability anindya kuat sdm,Neutral
ikn top dahdpr kunjung ikn pak basuki senyum keti youtube,Neutral
nonton my hero academia movie pas kapal muncul temenku nyeletuk ih kayak ikn ga sii bener si kayak ikn,Neutral
kangen pake seragam balik kontraktor ya mumpung ikn banyak tawar,Neutral
bulan lalu udah tau pan bakal naik project ikn minggu lalu udah tau doge bakal naik donald trump bakal menang tp kenapaaaaaaa ak all in,Negative
bener kata bung rocky si mulyono kaga ada kontribusi ajg negara cuma nyusahin bikin kerja doang ngabisin anggar buat ikn ngasih hutang buat negara pantes ngebet banget periode gaji buta korup dll kpk lemah selemahlemahnya,Negative
bospurwa kalo jakarta kembali ibukota negara trus ikn gimana nasib emang ngerepotin si mulyono,Negative
a ikn,Neutral
serta karya lima final besar antusiasme desainer ikut sayembara desain ibu kota negara ikn pilih juara i desain tema nagara rimba nusa urban susul the infinite city kota ribu galur selamat,Positive
konglomerat dato sri tahir mulia orangtuanya buah video singkat dato lihat pamit ibu belum berangkat ikn ibu kota negara sambil suap sang ibu ia minta restu bangun rumah sakit ikn mah wo ikn bangun,Positive
pagi ikn,Neutral
ikn buru cair,Neutral
presiden prabowo target tahun datang ikn jadi pusat perintah politik ikn,Neutral
kalo gitu dpr dpd suruh pindah kantor twitter jangan ikn,Negative
otd november takluk benteng ikn lahir,Neutral
carolinesarah emang dah ada keppres bilang jakarta ibu kota ikn ibu kota,Neutral
stop main judi online sekarang judi online sebab candu rusak hidup pribadi keluarga sosial polri divhumas astacita poldakaltim kaltim ikn ibukotanusantara mahakam,Negative
taksi terbang operasi cara komersial ikn kaltim cek jadwal,Neutral
bos otorita basuki langsung raker bareng dpr ikn baca lengkap hukum politik ekonomi,Neutral
otw ikn bareng mas wapressemangat indonesia baik kicau burung lang depan tengok belakang,Positive
pilkada kaltim ayo cipta kaltim aman damai ayo tps november polri divhumas coolingsystem poldakaltim kaltim ikn ibukotanusantara mahakam,Neutral
kereta otonom rel ikn kaltim bakal kembali china daftar evaluasi pakar transportasi tribunkaltim,Neutral
sentralisasi homebase teliti brin hitung januari cari kontra baru cari sekolah anak baru administrasi duduk dll ikn malah homebase teliti nasib mu kok kyk,Negative
how long does it take to build a city there is often high pressure for success in largescale urban undertakings driven by the public sector the expectation is often to deliver quickly and profitably continued below ridwankamil iknid floriandaliana,Neutral
main acara arisan bener kacaww anjrittt masa ada tau foto jusuf kalaa kemarin ada gatau singkat ikn monyettt yakalii dahhhhh,Negative
pegawai enak bgt yaaa baru pulang seoul dinas hokkaido kayak kantor ku kalo dinas paling bogor bandung surabaya paling jauh ikn,Negative
wika gedung raih harga sistem manajemen selamat konstruksi proyek ikn menteri pu ibukotanusantara iknnusantara indonesiaemas dukungpembangunanikn iknmajukanindonesia iknkotakelasdunia investorikn ibukotanegara,Positive
kalo love sick ga dapet award apa thailand gue pindahin ikn bodo amat,Negative
tibatiba pikir kalo beneran ikn gimanaaaaa,Neutral
sangka w dengar lagu bagus ikn cheetah lee w ilang,Neutral
valentine ikn,Neutral
raya valentine ikn heran,Neutral
kumaprompt november november fuglalaga skkulai valentine ikn mail dominguez,Neutral
era pak sby msih aman makin ksni indonesia kek collab mana bangun ikn dah ambruk nii negara ekonomi jelek banget,Negative
bangun ikn lanjut hingga tuntas,Neutral
ikn maksud ibukota mada nusantara tolong jawab iya,Neutral
help rt pls siapa nemuin cheetah lee toilet terminal ikn pls kindly to dm me,Neutral
info slot tim hore launching kampus ikn,Neutral
misal ikn,Neutral
buru pindah ikn gih,Neutral
rempang pik bsd ikn tinggal kenang,Negative
ikn kabar,Neutral
ntar pas landing ikn diputerin lagu nct walk,Positive
berita lengkap mpr otorita ikn paku kaltim kalimantan,Neutral
kenapa nggak buka ikn sekali,Neutral
apase beda polisi apa beda lembaga hukum apa they just doing random pdhl sdh ada lembaga job desc kayak woi wapres lu mah mending mikir ikn noh diapain ngapain malah bikin proker kayak lpj an,Negative
miris mah emis nama tentu ada syarat minta tiongkok rempang pik bsd ikn balik deal deal paradox rezimmaling dinastimalingjokowi gibranbencananasional,Negative
baik ikn pakai wahana ttd transportasi tenaga waris leluhur nan adiluhung hemat energi bebas polusi,Positive
cuu boneka cheetah lee w ilang pas ikn anjj kutuk,Negative
emang bener ya kalo ikn banyak tka china tetangga gue kerja proyek gitu bln kmrn abis tugas ikn info si visa visa wisata,Neutral
stop ikn thenif you dare,Negative
president prabowo subianto s stance on indonesia s new capital project nusantara ikn has sparked curiosity with prabowo pushing major initiatives like free nutritious meals and largescale food estates,Positive
apakah jokowi peduli revolusi mentalnyayg dia peduliin ikn ga usut magkrak,Negative
us ngasih dana ikn situ bikin headquarter nah kalo parkir natuna mantep tuh wamil,Neutral
hahaha kpk ngga dianggep kalimantan banyak rajaraja kecil banyak bete ikn bangun takut mudah pantau pusat,Neutral
otorita ibu kota nusantara oikn upaya komersialisasi taksi terbang sky taxi mobilitas cerdas udara ikn tahun datang n taksiterbang ikn,Neutral
presiden prabowo subianto ingin ikn jadi pusat perintah paling lambat datang ikn,Neutral
kondisi kini rute segmen b bandara nusantara ikn youtube,Neutral
sukses bangun ikn ikn,Neutral
pilkada kaltim damai satu suara ubah wujud pilkada aman damai polri divhumas poldakaltim coolingsystem ikn ibukotanusantara mahakam,Neutral
ayo gapapa deh ikn dulu biar beli rumah,Neutral
dengar dapat orang kalimantan tentang ikn,Neutral
nasib teliti makin tentu brin kait model homebase niruniru ikn yaa tandatanda puruk riset makin tuju dasar brinwatch,Negative
kalo gitu betul rencana pindah ikn telolet,Positive
jangan banyak umbar janji ikn mangkrak tetap operasi,Negative
ikn tetap lanjut pak,Neutral
ngemil makan khas ikn dulu,Neutral
ada bicara investasi ikn,Negative
thanksgiving ikn syukur atas jasajasa pak jkw terima kasih bapak,Positive
bikin takjubdelegasi sarawakmalaysia kunjung ikn buat terher youtube,Neutral
delegasi jepang kunjung jumlah proyek bangun ikn nusantara youtube,Neutral
anak bio hari goreng bangun ikn biodiversitas pantat langsung koreng saat pdb senggol saat kuliah tamu senggol,Negative
knp org org ps denger kalimantan tuh langsung nyebut ikn si,Neutral
txtfromir sama as indonesia menandatangani indopasific treaty organization ipto hqnya ikn base alau ada natuna aku pun bangun lalu siap kerja,Neutral
gedung tinggi asia tenggara bangun ikn nusantara youtube,Neutral
hellrmdn buat pondasi bedeng ikn,Neutral
kenapa jakarta ada demosuapaya lari ikn jokowi unggah momen ajak jan ethes la lembah jalanjalan naik mrt,Neutral
moga imajinasi ganti rugi masyarakat sekitar ikn beres,Neutral
fufufafa nang ikn,Neutral
ikn cuma proyek akhir masa jabat jokowi nanti ikn tmii tempat wisatamaka perlu periksa apakah ada upaya korupsi disanafoto benar ikn mangkrak saksi warga jakarta kunjung halaman,Negative
ikn kini update rs abdi waluyo training center pssi ikn youtube,Neutral
ikn nusantara,Neutral
ikn hari update kawasan plaza bhineka tunggal ika sampai pembangu youtube,Neutral
btw ikn kabar kapan aparat perintah pindah,Neutral
tolong buat patung megah buat coach hector ikn,Positive
ikn hadir pusat tumbuh ekonomi baru cipta iklim investasi buka transparan lanjut ikn jadi peluang emas bagi para investor kontribusi masa depan indonesia maju sejahtera ikn investasi pertumbuhanekonomi,Positive
ibu kota nusantara ikn kalimantan timur kaltim jangka waktu tahun datang iknnusantara pembangunanikn ibukotanegaranusantara kelanjutanikn,Neutral
mirispesawat presiden dimndijual ka disimpen iknknp judul begini ni,Neutral
bangun ikn ikn,Neutral
ikn rupa megaproyek selesai waktu tahun ibukotanegaranusantara ikn iknnusantara indonesiaemas smartcity kotamodern indonesia maju kotamasadepanpembangunanikn,Neutral
ariana whole discography was there and he picked that one song ikn ariana was mad asf,Negative
ngga ya kuliah lapang wanagama ikn,Neutral
mardanijgmw eh kemaren manggil pawang hujan ikn miliar,Neutral
proyeksi ikn makinnn maju nihh ibukotanegaranusantara ikn iknnusantara indonesiaemas smartcity kotamodern indonesia maju kotamasadepanpembangunanikn,Positive
jual murah semua gratis bonus pik psn ikn,Positive
proyek ikn ikn,Neutral
makanya bangun rumah tinggal ikn,Neutral
,Count
positive,72
negative,242
neutral,266
,580